{"100": {"PD": {"max": 0.001265, "min": 0.0}, "CC": {"max": 0.013800000000000002, "min": 0.0041400000000000005}}, "500": {"PD": {"max": 0.013813800000000001, "min": 0.0130548}, "CC": {"max": 0.085008, "min": 0.079212}}}