{"100": {"PD": {"max": 0.00253, "min": 0.000506}, "CC": {"max": 0.023460000000000005, "min": 0.006900000000000001}}, "500": {"PD": {"max": 0.0153824, "min": 0.014623399999999998}, "CC": {"max": 0.127052, "min": 0.121532}}}