{"100": {"PD": {"max": 0.00253, "min": 0.000506}, "CC": {"max": 0.023460000000000005, "min": 0.006900000000000001}}}