{"100": {"PD": {"max": 0.001012, "min": 0.0}, "CC": {"max": 0.016560000000000002, "min": 0.0013800000000000002}}, "500": {"PD": {"max": 0.013813800000000001, "min": 0.0130548}, "CC": {"max": 0.084732, "min": 0.079488}}}