{"100": {"PD": {"max": 0.001265, "min": 0.0}, "CC": {"max": 0.016560000000000002, "min": 0.0013800000000000002}}}