{"100": {"PD": {"max": 0.0032890000000000003, "min": 0.0}, "CC": {"max": 0.02484, "min": 0.0041400000000000005}}, "500": {"PD": {"max": 0.0156354, "min": 0.0144716}, "CC": {"max": 0.12852400000000003, "min": 0.12116400000000001}}}